987b42a7f1f0e96f38a66c54005490b7	9031	Gallus gallus	https://ftp.ncbi.nlm.nih.gov/genomes/all/GCF/016/699/485/GCF_016699485.2_bGalGal1.mat.broiler.GRCg7b/GCF_016699485.2_bGalGal1.mat.broiler.GRCg7b_genomic.gff.gz	https://ftp.ncbi.nlm.nih.gov/genomes/all/GCF/016/699/485/GCF_016699485.2_bGalGal1.mat.broiler.GRCg7b/GCF_016699485.2_bGalGal1.mat.broiler.GRCg7b_genomic.fna.gz
ddcd855c0e3164a30ecb61922d59a7f5	8030	Salmo salar	https://ftp.ncbi.nlm.nih.gov/genomes/all/GCA/058/321/555/GCA_058321555.1_ASM5832155v1/GCA_058321555.1_ASM5832155v1_genomic.gff.gz	https://ftp.ncbi.nlm.nih.gov/genomes/all/GCA/058/321/555/GCA_058321555.1_ASM5832155v1/GCA_058321555.1_ASM5832155v1_genomic.fna.gz
37e1c886f6f05b58092b4a6a9f44041b	6239	Caenorhabditis elegans	https://ftp.ebi.ac.uk/pub/ensemblorganisms/Caenorhabditis_elegans/GCA_000002985.3/wormbase/geneset/2014_10/genes.gff3.gz	https://ftp.ncbi.nlm.nih.gov/genomes/all/GCA/000/002/985/GCA_000002985.3_WBcel235/GCA_000002985.3_WBcel235_genomic.fna.gz
77a1b0e9d1aa5f5aa686dd2657112d2f	8128	Oreochromis niloticus	https://ftp.ebi.ac.uk/pub/ensemblorganisms/Oreochromis_niloticus/GCA_001858045.3/ensembl/geneset/2019_09/genes.gff3.gz	https://ftp.ncbi.nlm.nih.gov/genomes/all/GCA/001/858/045/GCA_001858045.3_O_niloticus_UMD_NMBU/GCA_001858045.3_O_niloticus_UMD_NMBU_genomic.fna.gz
c08abff107f468adb5fe08ed95f53bea	29159	Crassostrea gigas	https://ftp.ebi.ac.uk/pub/ensemblorganisms/Crassostrea_gigas/GCA_902806645.1/community/geneset/2021_12/genes.gff3.gz	https://ftp.ncbi.nlm.nih.gov/genomes/all/GCA/902/806/645/GCA_902806645.1_cgigas_uk_roslin_v1/GCA_902806645.1_cgigas_uk_roslin_v1_genomic.fna.gz
b37b2971b7cd2eedaa414631367d751b	7757	Petromyzon marinus	https://ftp.ebi.ac.uk/pub/ensemblorganisms/Petromyzon_marinus/GCA_010993605.1/ensembl/geneset/2022_06/genes.gff3.gz	https://ftp.ncbi.nlm.nih.gov/genomes/all/GCA/010/993/605/GCA_010993605.1_kPetMar1.pri/GCA_010993605.1_kPetMar1.pri_genomic.fna.gz
7484480a7845eaad88d08820c9983b33	28680	Anas acuta	https://ftp.ebi.ac.uk/pub/ensemblorganisms/Anas_acuta/GCA_963932015.1/ensembl/geneset/2024_08/genes.gff3.gz	https://ftp.ncbi.nlm.nih.gov/genomes/all/GCA/963/932/015/GCA_963932015.1_bAnaAcu1.1/GCA_963932015.1_bAnaAcu1.1_genomic.fna.gz
be141475dda2a96dcd5e7c04bda4ef8f	7962	Cyprinus carpio	https://ftp.ebi.ac.uk/pub/ensemblorganisms/Cyprinus_carpio/GCA_018340385.1/ensembl/geneset/2024_08/genes.gff3.gz	https://ftp.ncbi.nlm.nih.gov/genomes/all/GCA/018/340/385/GCA_018340385.1_ASM1834038v1/GCA_018340385.1_ASM1834038v1_genomic.fna.gz
c0ea733a220d7d1aa0a4c5d8dbf11423	7719	Ciona intestinalis	https://ftp.ncbi.nlm.nih.gov/genomes/all/GCF/000/224/145/GCF_000224145.3_KH/GCF_000224145.3_KH_genomic.gff.gz	https://ftp.ncbi.nlm.nih.gov/genomes/all/GCF/000/224/145/GCF_000224145.3_KH/GCF_000224145.3_KH_genomic.fna.gz
3aff5907b3e9d59489cc7fec0d054962	6669	Daphnia pulex	https://ftp.ncbi.nlm.nih.gov/genomes/all/GCF/021/134/715/GCF_021134715.1_ASM2113471v1/GCF_021134715.1_ASM2113471v1_genomic.gff.gz	https://ftp.ncbi.nlm.nih.gov/genomes/all/GCF/021/134/715/GCF_021134715.1_ASM2113471v1/GCF_021134715.1_ASM2113471v1_genomic.fna.gz
ffcda17aa3f3588f95cf7c8b7d14e72e	6087	Hydra vulgaris	https://ftp.ncbi.nlm.nih.gov/genomes/all/GCF/038/396/675/GCF_038396675.1_HydraT2T_AEP/GCF_038396675.1_HydraT2T_AEP_genomic.gff.gz	https://ftp.ncbi.nlm.nih.gov/genomes/all/GCF/038/396/675/GCF_038396675.1_HydraT2T_AEP/GCF_038396675.1_HydraT2T_AEP_genomic.fna.gz
0f86ba2b535731f3404ae1f10cef2fd9	260615	Mauremys reevesii	https://ftp.ncbi.nlm.nih.gov/genomes/all/GCF/016/161/935/GCF_016161935.1_ASM1616193v1/GCF_016161935.1_ASM1616193v1_genomic.gff.gz	https://ftp.ncbi.nlm.nih.gov/genomes/all/GCF/016/161/935/GCF_016161935.1_ASM1616193v1/GCF_016161935.1_ASM1616193v1_genomic.fna.gz
94523c4b00321fcb3a4571029aa1f6bb	10228	Trichoplax adhaerens	https://ftp.ebi.ac.uk/pub/ensemblorganisms/Trichoplax_adhaerens/GCA_000150275.1/community/geneset/2010_12/genes.gff3.gz	https://ftp.ncbi.nlm.nih.gov/genomes/all/GCA/000/150/275/GCA_000150275.1_v1.0/GCA_000150275.1_v1.0_genomic.fna.gz
76ffa52c41f51dfb88e33e7bee38fc98	6523	Lymnaea stagnalis	https://ftp.ebi.ac.uk/pub/ensemblorganisms/Lymnaea_stagnalis/GCA_964033795.1/ensembl/geneset/2024_11/genes.gff3.gz	https://ftp.ncbi.nlm.nih.gov/genomes/all/GCA/964/033/795/GCA_964033795.1_LYST_v1/GCA_964033795.1_LYST_v1_genomic.fna.gz
88139e7b40ac8d4ab0a68634a7eaa3c9	6500	Aplysia californica	https://ftp.ncbi.nlm.nih.gov/genomes/all/GCF/000/002/075/GCF_000002075.1_AplCal3.0/GCF_000002075.1_AplCal3.0_genomic.gff.gz	https://ftp.ncbi.nlm.nih.gov/genomes/all/GCF/000/002/075/GCF_000002075.1_AplCal3.0/GCF_000002075.1_AplCal3.0_genomic.fna.gz
75807e8a2d8a4d8edaa80e02d2374b9b	7227	Drosophila melanogaster	https://ftp.ncbi.nlm.nih.gov/genomes/all/GCA/000/001/215/GCA_000001215.4_Release_6_plus_ISO1_MT/GCA_000001215.4_Release_6_plus_ISO1_MT_genomic.gff.gz	https://ftp.ncbi.nlm.nih.gov/genomes/all/GCA/000/001/215/GCA_000001215.4_Release_6_plus_ISO1_MT/GCA_000001215.4_Release_6_plus_ISO1_MT_genomic.fna.gz
51a06ffbae93f0f5e74ba9ee86010422	46514	Patiria miniata	https://ftp.ncbi.nlm.nih.gov/genomes/all/GCF/015/706/575/GCF_015706575.1_ASM1570657v1/GCF_015706575.1_ASM1570657v1_genomic.gff.gz	https://ftp.ncbi.nlm.nih.gov/genomes/all/GCF/015/706/575/GCF_015706575.1_ASM1570657v1/GCF_015706575.1_ASM1570657v1_genomic.fna.gz
aa830cb435d9078fe1ff316833947b51	30301	Botryllus schlosseri	https://ftp.ncbi.nlm.nih.gov/genomes/all/GCF/051/294/905/GCF_051294905.1_Bs_hap1/GCF_051294905.1_Bs_hap1_genomic.gff.gz	https://ftp.ncbi.nlm.nih.gov/genomes/all/GCF/051/294/905/GCF_051294905.1_Bs_hap1/GCF_051294905.1_Bs_hap1_genomic.fna.gz
6b51ade75e606e22e155da9995d0d86e	400682	Amphimedon queenslandica	https://ftp.ncbi.nlm.nih.gov/genomes/all/GCF/000/090/795/GCF_000090795.2_v1.1/GCF_000090795.2_v1.1_genomic.gff.gz	https://ftp.ncbi.nlm.nih.gov/genomes/all/GCF/000/090/795/GCF_000090795.2_v1.1/GCF_000090795.2_v1.1_genomic.fna.gz
2b5154a27a2f14af7090d2958e717cae	869203	Echinarachnius parma	https://ftp.ebi.ac.uk/pub/ensemblorganisms/Echinarachnius_parma/GCA_037951105.2/ensembl/geneset/2026_02/genes.gff3.gz	https://ftp.ncbi.nlm.nih.gov/genomes/all/GCA/037/951/105/GCA_037951105.2_eeEchParm1_p1.2/GCA_037951105.2_eeEchParm1_p1.2_genomic.fna.gz
