Species,Path,Param_File,LyRic_File,Genome_File_,GFF_Reference_File,,
Babesia_duncani,/no_backup/rg/references/species/Babesia_duncani.323732/GCF_028658345.1,Babesia_duncani_323732_reference.geneid.edit.param,Babesia_duncani_323732_lyricMerged_gidRef.gff.gz,GCF_028658345.1_Bduncani_v1_genomic.fna.gz,geneidM_complete.gff.gz,,
Chaetoceros_neogracilis,/no_backup/rg/references/species/Chaetoceros_neogracilis.240364/GCA_055048815.1,Chaetoceros_neogracilis_240364_lyric.geneid.edit.param,Chaetoceros_neogracilis_240364_lyricMerged_gidRef.gff.gz,GCA_055048815.1_Chaetoceros_neogracilis_v2.0_genomic.fna.gz,geneidM_complete.gff.gz,,
Chlamydomonas_reinhardtii,/no_backup/rg/references/species/Chlamydomonas_reinhardtii.3055/GCF_000002595.2,Chlamydomonas_reinhardtii_3055_reference.geneid.edit.param,Chlamydomonas_reinhardtii_3055_reference_gidRef.gff.gz,GCF_000002595.2_Chlamydomonas_reinhardtii_v5.5_genomic.fna.gz,geneidM_complete.gff.gz,,
Chlorella_sorokiniana,/no_backup/rg/references/species/Chlorella_sorokiniana.3076/GCA_025917655.1,Chlorella_sorokiniana_3076_lyric.geneid.edit.param,Chlorella_sorokiniana_3076_lyric_gidRef.gff.gz,GCA_025917655.1_ASM2591765v1_genomic.fna.gz,geneidM_complete.gff.gz,,
Conticribra_weissflogii,/no_backup/rg/references/species/Conticribra_weissflogii.1577725/GCA_036940025.2,Conticribra_weissflogii_1577725_reference.geneid.edit.param,Conticribra_weissflogii_1577725_reference_gidRef.gff.gz,GCA_036940025.2_ASM3694002v2_genomic.fna.gz,geneidM_complete.gff.gz,,
Cryptosporidium_parvum_Iowa_II,/no_backup/rg/references/species/Cryptosporidium_parvum_Iowa_II.5807/GCF_000165345.1,Cryptosporidium_parvum_Iowa_II_5807_lyric.geneid.edit.param,Cryptosporidium_parvum_Iowa_II_5807_lyricMerged_gidRef.gff.gz,GCF_000165345.1_ASM16534v1_genomic.fna.gz,geneidM_complete.gff.gz,,
Cyanidiococcus_yangmingshanensis,/no_backup/rg/references/species/Cyanidiococcus_yangmingshanensis.2690220/GCA_013995675.1,Cyanidiococcus_yangmingshanensis_2690220_reference.geneid.edit.param,Cyanidiococcus_yangmingshanensis_2690220_reference_gidRef.gff.gz,GCA_013995675.1_ASM1399567v1_genomic.fna.gz,geneidM_complete.gff.gz,,
Cyanidioschyzon_merolae_strain_10D,/no_backup/rg/references/species/Cyanidioschyzon_merolae_strain_10D.280699/GCF_000091205.1,Cyanidioschyzon_merolae_strain_10D_280699_reference.geneid.edit.param,Cyanidioschyzon_merolae_strain_10D_280699_reference_gidRef.gff.gz,GCF_000091205.1_ASM9120v1_genomic.fna.gz,geneidM_complete.gff.gz,,
Cyanidium_caldarium,/no_backup/rg/references/species/Cyanidium_caldarium.2771/GCA_026184775.1,Cyanidium_caldarium_2771_reference.geneid.edit.param,Cyanidium_caldarium_2771_reference_gidRef.gff.gz,GCA_026184775.1_ASM2618477v1_genomic.fna.gz,geneidM_complete.gff.gz,,
Cylindrotheca_closterium,/no_backup/rg/references/species/Cylindrotheca_closterium.2856/GCA_933822405.4,Cylindrotheca_closterium_2856_lyric.geneid.edit.param,Cylindrotheca_closterium_2856_lyricMerged_gidRef.gff.gz,GCA_933822405.4_Cyc-CA1.15-REFERENCE-ANNOTATED_genomic.fna.gz,geneidM_complete.gff.gz,,
Dunaliella_salina,/no_backup/rg/references/species/Dunaliella_salina.3046/GCA_002284615.2,Dunaliella_salina_3046_lyric.geneid.edit.param,Dunaliella_salina_3046_lyricMerged_gidRef.gff.gz,GCA_002284615.2_Dunsal1_v._2_genomic.fna.gz,geneidM_complete.gff.gz,,
Eimeria_necatrix,/no_backup/rg/references/species/Eimeria_necatrix.51315/GCF_000499385.1,Eimeria_necatrix_51315_reference.geneid.edit.param,Eimeria_necatrix_51315_lyricMerged_gidRef.gff.gz,GCF_000499385.1_ENH001_genomic.fna.gz,geneidM_complete.gff.gz,,
Eimeria_stiedae,/no_backup/rg/references/species/Eimeria_stiedae.471275/GCA_051911505.1/,Eimeria_stiedae_471275_lyric.geneid.edit.param,Eimeria_stiedae_471275_lyricMerged_gidRef.gff.gz,GCA_051911505.1_ASM5191150v1_genomic.fna.gz,geneidM_complete.gff.gz,,
Entamoeba_histolytica_HM-1IMSS,/no_backup/rg/references/species/Entamoeba_histolytica_HM-1:IMSS.5759/GCF_000208925.1,Entamoeba_histolytica_HM-1:IMSS_5759_lyric.geneid.edit.param,Entamoeba_histolytica_HM-1:IMSS_5759_lyric_gidRef.gff.gz,GCF_000208925.1_JCVI_ESG2_1.0_genomic.fna.gz,geneidM_complete.gff.gz,,
Emiliania_huxleyi_CCMP1516,/no_backup/rg/references/species/Emiliania_huxleyi_CCMP1516.280463/GCF_000372725.1,Emiliania_huxleyi_CCMP1516_280463_reference.geneid.edit.param,Emiliania_huxleyi_CCMP1516_280463_reference_gidRef.gff.gz,GCF_000372725.1_Emiliana_huxleyi_CCMP1516_main_genome_assembly_v1.0_genomic.fna.gz,geneidM_complete.gff.gz,,
Euglena_gracilis,/no_backup/rg/references/species/Euglena_gracilis.3039/GCA_039621445.1,Euglena_gracilis_3039_lyric.geneid.edit.param,Euglena_gracilis_3039_lyric_gidRef.gff.gz,GCA_039621445.1_ASM3962144v1_genomic.fna.gz,geneidM_complete.gff.gz,,
Galdieria_yellowstonensis,/no_backup/rg/references/species/Galdieria_yellowstonensis.3028027/GCA_026122205.1,Galdieria_yellowstonensis_3028027_lyric.geneid.edit.param,Galdieria_yellowstonensis_3028027_lyricMerged_gidRef.gff.gz,GCA_026122205.1_ASM2612220v1_genomic.fna.gz,geneidM_complete.gff.gz,,
Giardia_duodenalis,/no_backup/rg/references/species/Giardia_duodenalis.5741/GCF_000002435.2,Giardia_duodenalis_5741_reference.geneid.edit.param,Giardia_duodenalis_5741_reference_gidRef.gff.gz,GCF_000002435.2_UU_WB_2.1_genomic.fna.gz,geneidM_complete.gff.gz,,
Giardia_muris,/no_backup/rg/references/species/Giardia_muris.5742/GCA_006247105.1,Giardia_muris_5742_lyric.geneid.edit.param,Giardia_muris_5742_lyricMerged_gidRef.gff.gz,GCA_006247105.1_UU_GM_1.1_genomic.fna.gz,geneidM_complete.gff.gz,,
Haematococcus_lacustris,/no_backup/rg/references/species/Haematococcus_lacustris.44745/GCA_030144725.1,Haematococcus_lacustris_44745_lyric.geneid.edit.param,Haematococcus_lacustris_44745_lyricMerged_gidRef.gff.gz,GCA_030144725.1_ASM3014472v1_genomic.fna.gz,geneidM_complete.gff.gz,,
Hydrurus_foetidus,/no_backup/rg/references/species/Hydrurus_foetidus.2996/GCA_978795795.1,Hydrurus_foetidus_2996_lyric.geneid.edit.param,Hydrurus_foetidus_2996_lyric_gidRef.gff.gz,GCA_978795795.1_uoHydFoet1.pri_genomic.fna.gz,geneidM_complete.gff.gz,,
Isochrysis_galbana,/no_backup/rg/references/species/Isochrysis_galbana.37099/GCA_018136815.1,Isochrysis_galbana_37099_lyric.geneid.edit.param,Isochrysis_galbana_37099_lyric_gidRef.gff.gz,GCA_018136815.1_ASM1813681v1_genomic.fna.gz,geneidM_complete.gff.gz,,
Lagenidium_giganteum,/no_backup/rg/references/species/Lagenidium_giganteum.4803/GCA_002286825.1,Lagenidium_giganteum_4803_lyric.geneid.edit.param,Lagenidium_giganteum_4803_lyric_gidRef.gff.gz,GCA_002286825.1_Lag_gig_ARSEF373_v1.0_genomic.fna.gz,geneidM_complete.gff.gz,,
Leishmania_donovani,/no_backup/rg/references/species/Leishmania_donovani.5661/GCF_000227135.1,Leishmania_donovani_5661_lyric.geneid.edit.param,Leishmania_donovani_5661_lyricMerged_gidRef.gff.gz,GCF_000227135.1_ASM22713v2_genomic.fna.gz,geneidM_complete.gff.gz,,
Leishmania_infantum,/no_backup/rg/references/species/Leishmania_infantum_JPCM5.5671/GCF_000002875.2,Leishmania_infantum_JPCM5_5671_lyric.geneid.edit.param,Leishmania_infantum_JPCM5_5671_lyricMerged_gidRef.gff.gz,GCF_000002875.2_ASM287v2_genomic.fna.gz,geneidM_complete.gff.gz,,
Micractinium_conductrix,/no_backup/rg/references/species/Micractinium_conductrix.554055/GCA_002245815.2,Micractinium_conductrix_554055_reference.geneid.edit.param,Micractinium_conductrix_554055_reference_gidRef.gff.gz,GCA_002245815.2_ASM224581v2_genomic.fna.gz,geneidM_complete.gff.gz,,
Micromonas_pusilla_CCMP1545,/no_backup/rg/references/species/Micromonas_pusilla_CCMP1545.38833/GCF_000151265.4,Micromonas_pusilla_CCMP1545_38833_lyric.geneid.edit.param,Micromonas_pusilla_CCMP1545_38833_lyricMerged_gidRef.gff.gz,GCF_000151265.4_Micromonas_pusilla_CCMP1545_v2.0_genomic.fna.gz,geneidM_complete.gff.gz,,
Naegleria_gruberi,/no_backup/rg/references/species/Naegleria_gruberi.5762/GCF_000004985.1,Naegleria_gruberi_5762_lyric.geneid.edit.param,Naegleria_gruberi_5762_lyricMerged_gidRef.gff.gz,GCF_000004985.1_V1.0_genomic.fna.gz,geneidM_complete.gff.gz,,
Paramecium_bursaria,/no_backup/rg/references/species/Paramecium_bursaria.74790/GCA_053455385.1,Paramecium_bursaria_74790_reference.geneid.edit.param,Paramecium_bursaria_74790_reference_gidRef.gff.gz,GCA_053455385.1_pb186_2025_genomic.fna.gz,geneidM_complete.gff.gz,,
Phytophthora_agathidicida,/no_backup/rg/references/species/Phytophthora_agathidicida.1642459/GCA_025722995.1,Phytophthora_agathidicida_1642459_lyric.geneid.edit.param,Phytophthora_agathidicida_1642459_lyric_gidRef.gff.gz,GCA_025722995.1_ASM2572299v1_genomic.fna.gz,geneidM_complete.gff.gz,,
Plasmodium_berghei_ANKA,/no_backup/rg/references/species/Plasmodium_berghei_ANKA.5821/GCF_900002375.2,Plasmodium_berghei_ANKA_5821_lyric.geneid.edit.param,Plasmodium_berghei_ANKA_5821_lyricMerged_gidRef.gff.gz,GCF_900002375.2_GCA_900002375_genomic.fna.gz,geneidM_complete.gff.gz,,
Plasmodium_falciparum_3D7,/no_backup/rg/references/species/Plasmodium_falciparum_3D7.36329/GCF_000002765.6,Plasmodium_falciparum_3D7_36329_reference.geneid.edit.param,Plasmodium_falciparum_3D7_36329_reference_gidRef.gff.gz,GCF_000002765.6_GCA_000002765_genomic.fna.gz,geneidM_complete.gff.gz,,
Plasmodium_vivax_,/no_backup/rg/references/species/Plasmodium_vivax.5855/GCF_000002415.2,Plasmodium_vivax_5855_lyric.geneid.edit.param,Plasmodium_vivax_5855_lyricMerged_gidRef.gff.gz,GCF_000002415.2_ASM241v2_genomic.fna.gz,geneidM_complete.gff.gz,,
Plasmodium_yoelii_yoelii,/no_backup/rg/references/species/Plasmodium_yoelii_yoelii.73239/GCA_000003085.2,Plasmodium_yoelii_yoelii_73239_lyric.geneid.edit.param,Plasmodium_yoelii_yoelii_73239_lyric_gidRef.gff.gz,GCA_000003085.2_ASM308v2_genomic.fna.gz,geneidM_complete.gff.gz,,
Pyrocystis_lunula,/no_backup/rg/references/species/Pyrocystis_lunula.2972/GCA_037576205.1,Pyrocystis_lunula_2972_lyric.geneid.edit.param,Pyrocystis_lunula_2972_lyric_gidRef.gff.gz,GCA_037576205.1_ASM3757620v1_genomic.fna.gz,geneidM_complete.gff.gz,,
Pyropia_haitanensis,/no_backup/rg/references/species/Pyropia_haitanensis.1262161/GCA_008729055.1,Pyropia_haitanensis_1262161_lyric.geneid.edit.param,Pyropia_haitanensis_1262161_lyric_gidRef.gff.gz,GCA_008729055.1_OUC_PyHait_genomic.fna.gz,geneidM_complete.gff.gz,,
Pythium_sp._B7052-1,/no_backup/rg/references/species/Pythium_sp._B7052-1.3470061/GCA_054083355.1,Pythium_sp._B7052-1_3470061_lyric.geneid.edit.param,Pythium_sp._B7052-1_3470061_lyric_gidRef.gff.gz,GCA_054083355.1_ASM5408335v1_genomic.fna.gz,geneidM_complete.gff.gz,,
Pyropia_yezoensis,/no_backup/rg/references/species/Pyropia_yezoensis.2788/GCA_054658335.1,Pyropia_yezoensis_2788_lyric.geneid.edit.param,Pyropia_yezoensis_2788_lyric_gidRef.gff.gz,GCA_054658335.1_urPyrYezo_2.1_genomic.fna.gz,geneidM_complete.gff.gz,,
Sarcocystis_neurona,/no_backup/rg/references/species/Sarcocystis_neurona.42890/GCA_000727475.1,Sarcocystis_neurona_42890_lyric.geneid.edit.param,Sarcocystis_neurona_42890_lyric_gidRef.gff.gz,GCA_000727475.1_ASM72747v1_genomic.fna.gz,geneidM_complete.gff.gz,,
Storeatula_major,/no_backup/rg/references/species/Storeatula_major.46950/GCA_965120275.1,Storeatula_major_46950_lyric.geneid.edit.param,Storeatula_major_46950_lyric_gidRef.gff.gz,GCA_965120275.1_Storeatula_sp_K-1488_nuclear_genome_genomic.fna.gz,geneidM_complete.gff.gz,,
Symbiodinium_kawagutii,/no_backup/rg/references/species/Symbiodinium_kawagutii.104179/GCA_009767595.1,Symbiodinium_kawagutii_104179_lyric.geneid.edit.param,Symbiodinium_kawagutii_104179_lyric_gidRef.gff.gz,GCA_009767595.1_ASM976759v1_genomic.fna.gz,geneidM_complete.gff.gz,,
Tetradesmus_obliquus,/no_backup/rg/references/species/Tetradesmus_obliquus.3088/GCA_030272155.1,Tetradesmus_obliquus_3088_lyric.geneid.edit.param,Tetradesmus_obliquus_3088_lyricMerged_gidRef.gff.gz,GCA_030272155.1_ASM3027215v1_genomic.fna.gz,geneidM_complete.gff.gz,,
Toxoplasma_gondii_ME49,/no_backup/rg/references/species/Toxoplasma_gondii_ME49.508771/GCF_000006565.2,Toxoplasma_gondii_ME49_508771_reference.geneid.edit.param,Toxoplasma_gondii_ME49_508771_reference_gidRef.gff.gz,GCF_000006565.2_TGA4_genomic.fna.gz,geneidM_complete.gff.gz,,
Trichomonas_vaginalis,/no_backup/rg/references/species/Trichomonas_vaginalis_G3.5722/GCF_026262505.1,Trichomonas_vaginalis_G3_5722_lyric.geneid.edit.param,Trichomonas_vaginalis_G3_5722_lyricMerged_gidRef.gff.gz,GCF_026262505.1_NYU_TvagG3_2_genomic.fna.gz,geneidM_complete.gff.gz,,
Tritrichomonas_foetus,/no_backup/rg/references/species/Tritrichomonas_foetus.1144522/GCF_001839685.1,Tritrichomonas_foetus_1144522_lyric.geneid.edit.param,Tritrichomonas_foetus_1144522_lyricMerged_gidRef.gff.gz,GCF_001839685.1_ASM183968v2_genomic.fna.gz,geneidM_complete.gff.gz,,
Undaria_pinnatifida,/no_backup/rg/references/species/Undaria_pinnatifida.74381/GCA_012845835.1,Undaria_pinnatifida_74381_lyric.geneid.edit.param,Undaria_pinnatifida_74381_lyric_gidRef.gff.gz,GCA_012845835.1_ASM1284583v1_genomic.fna.gz,geneidM_complete.gff.gz,,
Asterionellopsis_glacialis,/no_backup/rg/references/species/Asterionellopsis_glacialis.33640/GCA_014885115.2,Asterionellopsis_glacialis_33640_lyric.geneid.edit.param,Asterionellopsis_glacialis_33640_lyric_gidRef.gff.gz,GCA_014885115.2_ASM1488511v2_genomic.fna.gz,geneidM_complete.gff.gz,,
Effrenium_voratum,/no_backup/rg/references/species/Effrenium_voratum.2562239/GCA_975362855.1,Effrenium_voratum_2562239_lyric.geneid.edit.param,Effrenium_voratum_2562239_lyric_gidRef.gff.gz,GCA_975362855.1_pyEffVora5.1_genomic.fna.gz,geneidM_complete.gff.gz,,
Heterosigma_akashiwo,/no_backup/rg/references/species/Heterosigma_akashiwo.2829/GCA_964200215.2,Heterosigma_akashiwo_2829_lyric.geneid.edit.param,Heterosigma_akashiwo_2829_reference_gidRef.gff.gz,GCA_964200215.2_PHAEHaka_V1.2_genomic.fna.gz,geneidM_complete.gff.gz,,
Monocercomonoides_exilis,/no_backup/rg/references/species/Monocercomonoides_exilis.2049356/GCF_001643675.1,Monocercomonoides_exilis_2049356_lyric.geneid.edit.param,Monocercomonoides_exilis_2049356_lyricMerged_gidRef.gff.gz,GCF_001643675.1_ASM164367v2_genomic.fna.gz,geneidM_complete.gff.gz,,
Paulinella_micropora,/no_backup/rg/references/species/Paulinella_micropora.1928728/GCA_019918135.1,Paulinella_micropora_1928728_lyric.geneid.edit.param,Paulinella_micropora_1928728_lyric_gidRef.gff.gz,GCA_019918135.1_ASM1991813v1_genomic.fna.gz,geneidM_complete.gff.gz,,
Phaeodactylum_tricornutum_CCAP,/no_backup/rg/references/species/Phaeodactylum_tricornutum_CCAP.2850/GCF_000150955.2,Phaeodactylum_tricornutum_CCAP_2850_lyric.geneid.edit.param,Phaeodactylum_tricornutum_CCAP_2850_lyric_gidRef.gff.gz,GCF_000150955.2_ASM15095v2_genomic.fna.gz,geneidM_complete.gff.gz,,
Trichomonas_tenax,/no_backup/rg/references/species/Trichomonas_tenax.43075/GCA_023091735.1,Trichomonas_tenax_43075_lyric.geneid.edit.param,Trichomonas_tenax_43075_lyric_gidRef.gff.gz,GCA_023091735.1_ASM2309173v1_genomic.fna.gz,geneidM_complete.gff.gz,,
Paramecium_tetraurelia,/no_backup/rg/references/species/Paramecium_tetraurelia.5888/GCF_000165425.1,Paramecium_tetraurelia_5888_lyric.geneid.edit.param,Paramecium_tetraurelia_5888_lyricMerged_gidRef.gff.gz,GCF_000165425.1_ASM16542v1_genomic.fna.gz,geneidM_complete.gff.gz,,