species	status	job_id	submitted	finished	result_rows	lyric_transcripts	gffread_transcripts	all_secis	filtered_secis	predicted_overall	predicted_all_secis	predicted_filtered_secis	candidates	notes
Babesia_duncani	done	28607869	2026-09-21 16:36	2026-09-21 18:56	12080	12133	12133	116	3	1971	28	1	1	gffread 57 broken ~70bp fragments dropped in recode (12133->12076 unique, 99.5%), user accepted 2026-09-22; candidate agat-rna-5082 (score_diff 0.81); work dir removed
Chaetoceros_neogracilis	done	28633444	2026-09-22 13:03	2026-09-22 13:37	87100	88400	88400	1762	16	22061	595	6	6	1320 transcripts >8kb dropped by old hardcoded 8000bp limit in recode_any_TGA.py (result 87080 unique = 98.5% of gffread; expected, not a bug); limit now a --limit input (commit 43e4aae, protists=100000) effective from Chlamydomonas on; not re-run per user 2026-09-22; attempts 1-2 (28627359 publishDir collision, 28633040 collectFile EISDIR) fixed bb7da54/e87c972; top candidate agat-rna-20420 (score_diff 15.75)
Chlamydomonas_reinhardtii	done	28639838	2026-09-22 15:05	2026-09-22 16:02	19529	19527	19526	157	2	3559	36	1	1	first run with --limit 100000 (43e4aae) - long transcripts now processed; gffread 19526 vs lyric 19527 (1 transcript, gffread quirk); old Apr-07 run backed up ORFsearch_old_20260922_150519; double-gz LyRic ref fixed in place 2026-09-22 (orig kept as *_doublegz_backup_20260922); candidate rna-XM_001696020.2 (score_diff 0.37); work dir removed
Chlorella_sorokiniana	done	28645869	2026-09-22 17:13	2026-09-22 17:44	26460	26460	26460	82	7	8576	29	3	3	re-run after orphan-CDS fix (51610a3); 100% three-way match result=gffread=lyric=26460; top candidate agat-rna-13006 (2.12); attempt1 28642581 output (19907 spurious CDS-only transcripts) backed up ORFsearch_old_20260922_171225
Conticribra_weissflogii	done	28990774	2026-09-29 17:41	2026-09-30 06:58	14495	14490	28465	239	7	4207	82	1	1	top candidate rna-WR49_08545-RA (score_diff -0.15); input is GenBank reference annotation (not a LyRic transcriptome), gffread 28465 ~ 2x lyric 14490 (CDS lines materialized, result file unaffected); 13h17m, fresh run (no -resume); dup 29099233 (09-30 10:15) cancelled 10:43, never started EXCEPTION: that dup 29099233 was NOT cancelled - it is still RUNNING as of 09-30 11:35 (1h15m, SECISSEARCH 24/24 done, FILTER_SECIS next); it backed up the 06:58 output to ORFsearch_old_20260930_101821 and will OVERWRITE these results when it finishes; history: attempt1 28647231 scancelled (maxForks-1 stall, fixed e463458, partial output backed up ORFsearch_old_20260923_113417), attempt2 28713877 scancelled 09-23
Cryptosporidium_parvum_Iowa_II	done	28721317	2026-09-23 12:43	2026-09-23 13:03	17956	17956	17956	119	0	1195	6	0	0	100% three-way match lyric=gffread=result=17956; first run with seqkit split2 SPLIT (734f846) - worked cleanly; lyric input is merged gidRef GFF (AGAT LyRic 14075 + RefSeq annotation 3881 transcript-level features); only 8 scaffolds -> ran 18m39s; 119 SECIS found by SECISearch, all filtered out (0 filtered) -> 0 candidates (6 transcripts were predicted+all_secis but none passed the filter); old Apr-08 run backed up ORFsearch_old_20260923_123718; README: genome 9102324 bp, 3694 genes; work dir removed
Cyanidiococcus_yangmingshanensis	done	28726227	2026-09-23 13:20	2026-09-23 13:38	5189	5189	5189	74	1	1064	25	1	1	100% three-way match lyric=gffread=result=5189 (GenBank reference annotation, not a LyRic transcriptome, like Conticribra); 20 scaffolds, attempt2 ran 7m19s with -resume; 1 candidate rna-gnl|WGS:VWRR|F1559_005062-T1_mrna (score_diff 0.84); attempt1 28725643 FAILED 13:14 at SECISSEARCH - Seblastian rejects fasta ids >63 chars (2 of 5189 GenBank gnl|WGS ids were 64-65 chars); fixed 760ab22 (GFFREAD shortens headers >63: first 55 chars + '_' + 6-digit rolling hash, max 62, verified 5189/5189 unique + deterministic) - both shortened ids present in result; double-gz reference gidRef fixed in place 2026-09-23 (orig kept *_doublegz_backup_20260923); old Apr-08 run backed up ORFsearch_old_20260923_131019; Conticribra checked: all 14490 ids 17 chars, weekend re-run unaffected; work dir removed		
Cyanidioschyzon_merolae_strain_10D	done	28728435	2026-09-23 13:45	2026-09-23 14:35	5373	5373	5373	39	2	842	5	2	2	100% three-way lyric=gffread=result=5373 (5375 data rows: 2 transcripts carry 2 rows each); RefSeq reference annotation (4803 mRNA + 521 transcript + 12 rRNA + 37 tRNA), 20 scaffolds, 36m49s; 2 candidates, both NEGATIVE score_diff (weak seleno signal - original scored above TGA-recoded): rna-XM_005534776.1 (-1.21), rna-XR_002461538.1 (-0.78); double-gz reference gidRef fixed in place 2026-09-23 (4th occurrence, orig kept *_doublegz_backup_20260923); old Apr run backed up ORFsearch_old_20260923_134315; work dir removed
Cyanidium_caldarium	done	28730609	2026-09-23 14:41	2026-09-23 15:00	4870	4870	4870	13	0	10	0	0	0	100% three-way lyric=gffread=result=4870; GenBank reference annotation (4870 mRNA, 4914 CDS lines - 44 orphans dropped by FILTER_ORPHAN_CDS), all 33-char ids, 20 scaffolds, 5m34s; 13 SECIS found, 0 survived the filter -> 0 candidates; double-gz reference gidRef fixed in place 2026-09-23 (5th occurrence, orig kept *_doublegz_backup_20260923); work dir removed
Cylindrotheca_closterium	done	28732205	2026-09-23 15:10	2026-09-23 19:22	67758	67748		1015	14	7839	169	4	2	lyric input is LyRic+reference MERGED gidRef (AGAT 34836 RNA + AGAT 8536 mRNA + EMBL 24187 mRNA + 33 rRNA + 156 tRNA = 67748 transcript-level); local pre-flight chain (orphan-CDS filter: 0 removed; AGAT GFF2GTF; gffread) = 67,748 unique transcripts, 0 warnings -> baseline 67748; all ids <=26 chars (no >63 risk); 18788 transdecoder CDS lines all have valid parents (no orphans); 2534 scaffolds (per-scaffold stages ~2534 jobs each, parallel after e463458); no pre-existing output dir; largest run so far - ETA ~1-2 h; CLOSED 2026-09-28: 28732205 COMPLETED 0:0 (4h12m); result 67,758 data rows / 67,748 unique (100% of lyric; gffread count not taken - workdir audit declined by user 09-28, workdir still on /nfs/scratch01 from 09-23); 1,015 SECIS found, 14 survived the filter; 2 candidate transcripts (gene- + rna-CYCCA115_LOCUS4366, same locus, score_diff 2.44; candidates CSV has 4 rows = 2 transcripts x 2 all-SECIS rows each); README genome 55,068,444 bp, 23,817 genes
Dunaliella_salina	done	28945196	2026-09-28 16:35	2026-09-28 18:47	48452	48450	48450	404	9	8223	129	3	3	first production run with scaffold_batches=24 (toy-tested same day); 2h12m; 100% three-way match lyric=gffread=result=48450 (48,452 data rows: 2 transcripts carry 2 rows each); lyric 29,465 mRNA + 18,829 RNA + 156 tRNA (+9 pseudogene, not counted); README genome 343,704,392 bp, 27,214 genes; 404 SECIS found, 9 survived the filter; 3 candidates, top agat-rna-6766 (score_diff 5.19); work dir KEPT (first production scaffold-batched run; workdir audit/cleanup declined by user 09-28)
Eimeria_necatrix	done	28964808	2026-09-28 21:55	2026-09-28 23:31	180438	180391	180391	2176	78	47762	610	48	48	COMPLETED 0:0 (1h36m); 100% three-way match lyric=gffread=result=180391 (180438 data rows); largest transcript count so far; 2176 SECIS found, 78 survived the filter; 48 candidate transcripts (predicted + filtered SECIS); old Aug-18 output backed up ORFsearch_old_20260928_215109; analysis OOM-killed on login node (180k rows) -> re-run as SLURM job 29099232 (16G, 2026-09-30); work dir removed 2026-09-30
Entamoeba_histolytica_HM-1IMSS	done	28990775	2026-09-29 17:41	2026-09-29 18:33	9362	9362	9362	31	0	461	5	0	0	no filtered SECIS; dup 29099234 (09-30 10:15) cancelled 10:44, never started
Emiliania_huxleyi_CCMP1516	running	29112738	2026-09-30 13:55											FAILED at FILTER_ORPHAN_CDS: gidRef.fa.gz double-gzipped (gzip magic after single gunzip) -> gunzip exit 1; 1m16s runtime; old April output backed up to ORFsearch_old_20260929_174144 by job before failure; work dir kept at /nfs/scratch01/rg/ileahy/nf_work/Emiliania_huxleyi_CCMP1516 for -resume after re-compress; dup 29099235 (09-30 10:15) cancelled 10:43, never started; RE-RUN 2026-09-30 13:55 after double-gz fix (orig kept *_doublegz_backup_20260930); pre-flight all inputs ok; no -resume (input content changed -> stale UNZIP cache would be reused)
Galdieria_yellowstonensis	done	28990777	2026-09-29 17:41	2026-09-29 18:03	14525	14524	14524	297	2	1636	44	1	1	agat-rna-278 (score_diff 0.10); dup 29099236 (09-30 10:15) cancelled 10:43, never started
Giardia_duodenalis	running	29112739	2026-09-30 13:55											FAILED at FILTER_ORPHAN_CDS: gidRef.fa.gz double-gzipped -> gunzip exit 1; 4m16s runtime; old April output backed up to ORFsearch_old_20260929_174304; work dir kept at /nfs/scratch01/rg/ileahy/nf_work/Giardia_duodenalis for -resume after re-compress; dup 29099237 (09-30 10:15) cancelled 10:43, never started; RE-RUN 2026-09-30 13:55 after double-gz fix (*_doublegz_backup_20260930) AND drop of 2 mixed-strand trans-spliced transcripts rna-XM_001707761.2 + rna-XM_038045910.1 (*_mixedstrand_backup_20260930); no -resume for same cache reason; lyric baseline now 4990 mRNA + 63 tRNA
Giardia_muris	running	29112740	2026-09-30 13:55											FAILED at SECISSEARCH: Seblastian 'Error: duplicate id rna-GMRT_22684' (6 GFF transcript lines share genome ID GMRT_22684 in transcripts_clean.fa); 10m56s runtime; old output backed up to ORFsearch_old_20260929_174412; work dir kept at /nfs/scratch01/rg/ileahy/nf_work/Giardia_muris; GFF/fasta dedup needed before -resume; dup 29099238 (09-30 10:15) cancelled 10:44, never started; RE-RUN 2026-09-30 13:55 after dropping mixed-strand trans-spliced transcript rna-GMRT_22684 (5 lines; gene record kept; *_mixedstrand_backup_20260930); FRESH run (no -resume): input GFF content changed, task cache is keyed on file NAME so cached AGAT outputs would still contain the dropped transcript
Haematococcus_lacustris	done	28990780	2026-09-29 17:41	2026-09-29 20:40	377084	377068	377068	3504	22	84752	1206	18	18	agat-rna-65966 (score_diff 26.32); largest transcript count so far (2.1x Eimeria); 2h59m; dup 29099239 (09-30 10:15) cancelled 10:44, never started
Hamiltosporidium_tvaerminnensis	done	28990781	2026-09-29 17:41	2026-09-29 18:31	5298	0	5298	12	0	289	1	0	0	lyric=0 is a count artifact: input LyRic_complete.gff.gz is EXON-ONLY (6,075 exons, no transcript lines), gffread materialized 5,298 transcripts; run valid; dup 29099240 (09-30 10:15) cancelled 10:43, never started
Hydrurus_foetidus	done	28990782	2026-09-29 17:41	2026-09-29 19:46	27797	27791	27791	379	4	10659	182	2	2	agat-rna-919 (score_diff 3.48); dup 29099241 (09-30 10:15) cancelled 10:44, never started
Isochrysis_galbana	done	28990783	2026-09-29 17:41	2026-09-29 19:44	9530	9530	9530	141	9	3933	62	3	3	agat-rna-3696 (score_diff 6.99); dup 29099242 (09-30 10:15) cancelled 10:44, never started
Lagenidium_giganteum	done	28990784	2026-09-29 17:41	2026-09-29 21:15	3565	3565	3565	40	3	720	7	1	1	agat-rna-2260 (score_diff -0.14); dup 29099243 (09-30 10:15) cancelled 10:44, never started
Leishmania_donovani	done	28990785	2026-09-29 17:41	2026-09-29 20:25	94979	94942	94979	517	11	8874	42	4	4	agat-rna-13678 (score_diff -1.30); gffread 37 above lyric (small excess); dup 29099244 (09-30 10:15) cancelled 10:44, never started
Leishmania_infantum_JPCM5	done	28990786	2026-09-29 17:41	2026-09-29 21:02	30208	30150	30208	146	2	1485	9	1	1	agat-rna-10400 (score_diff -1.22); gffread 58 above lyric (small excess); dup 29099245 (09-30 10:15) cancelled 10:44, never started
Micractinium_conductrix	running	29112741	2026-09-30 13:55											FAILED at FILTER_ORPHAN_CDS: gidRef.fa.gz double-gzipped (gzip magic after single gunzip) -> gunzip exit 1; queue wait ~3h then 11m23s runtime; no prior output (first run); work dir kept at /nfs/scratch01/rg/ileahy/nf_work/Micractinium_conductrix for -resume after re-compress; dup 29099246 (09-30 10:15) cancelled 10:44, never started; RE-RUN 2026-09-30 13:55 after double-gz fix (*_doublegz_backup_20260930); pre-flight all inputs ok; no -resume (stale cache); lyric 10070 mRNA
Micromonas_pusilla_CCMP1545	done	28990788	2026-09-29 17:41	2026-09-29 21:19	39154	39153	39153	222	31	5621	69	13	13	agat-rna-14847 (score_diff 11.11); dup 29099247 (09-30 10:15) cancelled 10:45, never started
Naegleria_gruberi	done	28990789	2026-09-29 17:41	2026-09-29 22:23	60824	60824	60824	632	12	1558	28	0	0	12 filtered SECIS, none predicted seleno; dup 29099248 (09-30 10:15) cancelled 10:45, never started
Paramecium_bursaria	failed	28990790	2026-09-29 17:41	2026-09-29 22:15	0	39534	39534							ANOMALY: job COMPLETED (1,469 secis tasks OK, 59m43s) but ORFsearch_SECIS.result is header-only (0 rows); COMBINE_ORFSECIS merged empty per-task outputs; job's own -s size check passed on the header line alone; work dir REMOVED by job (self-contained mode); suspect GTF<->FASTA transcript_id join mismatch (main_protists.nf:164) for a large assembly; needs re-run to capture outputs; dup 29099249 (09-30 10:15) cancelled 10:45, never started
Paramecium_tetraurelia	done	28990791	2026-09-29 17:41	2026-09-29 22:18	8933	8933	8933	34	0	2	0	0	0	only 2/8933 transcripts predicted seleno; dup 29099250 (09-30 10:15) cancelled 10:45, never started
Phytophthora_agathidicida	done	28990792	2026-09-29 17:41	2026-09-29 22:38	30110	30096	30096	585	14	8289	160	10	10	agat-rna-25899 (score_diff 5.33); dup 29099251 (09-30 10:15) cancelled 10:45, never started
Plasmodium_berghei_ANKA	done	28990793	2026-09-29 17:41	2026-09-29 22:31	21737	21701	21737	26	0	1946	3	0	0	gffread 36 above lyric (small excess); dup 29099252 (09-30 10:15) cancelled 10:45, never started
Plasmodium_falciparum_3D7	running	29112742	2026-09-30 13:55											FAILED at FILTER_ORPHAN_CDS: gidRef.fa.gz double-gzipped -> gunzip exit 1; queue wait ~4h42m then 4m27s runtime; no prior output (first run; current ORFsearch dir is only README + empty secmarker/ from this failed run); work dir kept at /nfs/scratch01/rg/ileahy/nf_work/Plasmodium_falciparum_3D7 for -resume after re-compress; dup 29099253 (09-30 10:15) cancelled 10:45, never started; RE-RUN 2026-09-30 13:55 after double-gz fix (*_doublegz_backup_20260930); pre-flight all inputs ok; no -resume (stale cache); lyric 5354 mRNA
Plasmodium_vivax	done	28990795	2026-09-29 17:41	2026-09-29 23:42	257513	257513	257513	1097	15	26964	147	3	3	agat-rna-135511 (score_diff 15.24); dup 29099254 (09-30 10:15) cancelled 10:45, never started
Plasmodium_yoelii_yoelii	done	28990796	2026-09-29 17:41	2026-09-30 01:32	8245	8245	8245	17	0	667	1	0	0	no filtered SECIS; dup 29099255 (09-30 10:15) cancelled 10:45, never started
Pyropia_haitanensis	done	28990797	2026-09-29 17:41	2026-09-29 23:13	63661	63661	63661	232	0	4112	11	0	0	no filtered SECIS; dup 29099256 (09-30 10:15) cancelled 10:45, never started
Pythium_sp._B7052-1	done	28990798	2026-09-29 17:41	2026-09-29 23:30	47019	47019	47019	403	9	7603	84	5	5	agat-rna-587 (score_diff 2.05); dup 29099257 (09-30 10:15) cancelled 10:45, never started
Pyropia_yezoensis	done	28990799	2026-09-29 17:41	2026-09-29 23:41	31677	31677	31677	94	2	2358	4	0	0	2 filtered SECIS, none predicted seleno; dup 29099258 (09-30 10:15) cancelled 10:45, never started
Sarcocystis_neurona	done	28990800	2026-09-29 17:41	2026-09-30 00:04	26265	26265	26265	329	9	9038	142	7	7	agat-rna-14189 (score_diff 6.06); dup 29099259 (09-30 10:15) cancelled 10:46, never started
Storeatula_major	done	28990801	2026-09-29 17:41	2026-09-30 05:13	58110	58107	58107	432	115	23891	218	79	79	agat-rna-6280 (score_diff 21.09); longest valid overnight run (5h31m); dup 29099260 (09-30 10:15) cancelled 10:46, never started
Symbiodinium_kawagutii	done	28990802	2026-09-29 17:41	2026-09-30 04:23	7820	7819	7819	103	5	3121	55	5	5	agat-rna-722 (score_diff 8.29); dup 29099261 (09-30 10:15) cancelled 10:46, never started
Tetradesmus_obliquus	done	28990803	2026-09-29 17:41	2026-09-30 02:33	124816	124789	124789	2053	41	15693	425	19	11	agat-rna-30632 (score_diff 13.30); candidates CSV has 19 rows but 11 unique transcripts; dup 29099262 (09-30 10:15) cancelled 10:46, never started
Toxoplasma_gondii_ME49	running	29112743	2026-09-30 13:55											FAILED at FILTER_ORPHAN_CDS: gidRef.fa.gz double-gzipped -> gunzip exit 1; queue wait ~9h then 6m30s runtime; no prior output (first run); work dir kept at /nfs/scratch01/rg/ileahy/nf_work/Toxoplasma_gondii_ME49 for -resume after re-compress; dup 29099263 (09-30 10:15) cancelled 10:46, never started; RE-RUN 2026-09-30 13:55 after double-gz fix (*_doublegz_backup_20260930); pre-flight all inputs ok; no -resume (stale cache); lyric 8318 mRNA + 424 rRNA
Trichomonas_vaginalis	running	29112744	2026-09-30 13:55											FAILED at SECISSEARCH_BATCH: cmsearch 'Couldn't determine format of sequence file transcripts_clean_NW_026529223.1.fa' (bad/empty per-transcript fasta, 321 transcripts in scaffold NW_026529223.1); queue wait ~9h; no prior output (first run); work dir kept at /nfs/scratch01/rg/ileahy/nf_work/Trichomonas_vaginalis; needs fasta fix before -resume; dup 29099264 (09-30 10:15) cancelled 10:46, never started; RE-RUN 2026-09-30 13:55 with -resume (inputs unchanged; SECISSEARCH_BATCH now skips empty transcript files - 6 transcriptless scaffolds e.g. NW_026529223.1; code fix in modules/scaffold_batches.nf 2026-09-30); AGAT/GFFREAD stages reused from 28990805
Tritrichomonas_foetus	done	28990806	2026-09-29 17:41	2026-09-30 04:53	73310	73309	73309	633	6	3240	45	0	0	6 filtered SECIS, none predicted seleno; dup 29099265 (09-30 10:15) cancelled 10:47, never started
Undaria_pinnatifida	done	28990807	2026-09-29 17:41	2026-09-30 04:45	5610	5610	5610	64	2	179	1	0	0	2 filtered SECIS, none predicted seleno; dup 29099266 (09-30 10:15) cancelled 10:47, never started
Vairimorpha_ceranae	failed	28990808	2026-09-29 17:41	2026-09-30 05:04	0	0	5914							ANOMALY: job COMPLETED (gffread 5,914 transcripts from exon-only input, 7,845 exons; ~40m runtime) but ORFsearch_SECIS.result is header-only (0 rows), same combine-stage anomaly as Paramecium_bursaria; work dir REMOVED by job; full re-run needed; dup 29099267 (09-30 10:15) cancelled 10:47, never started
